0,1
company,service
service,candidate
team,bonus
work,client
business,business
people,recruiting
solution,000
customer,solution
client,industry
technology,referral
world,technology
help,staffing
new,company
amp,career
product,new
time,product
job,experience
one,year
experience,professional
process,signing
year,aptitude
employee,help
industry,amp
working,employee
management,resource
provide,people
professional,financing
will,refined
opportunity,leveraging
great,provide
need,result
best,email
quality,innovative
url,enjoy
office,receive
digital,per
brand,url
want,program
offer,value
based,small
right,process
global,direct
way,system
make,accion
every,addition
medium,access
high,hired
home,one
life,well
full,package
development,offer
drive,phone
growing,expert
position,focus
looking,oil
candidate,team
around,event
software,500
communication,customer
platform,represented
mobile,following
design,perk
value,negotiation
day,maximizing
leading,compensation
well,town
innovative,encouraged
agency,participate
career,referred
partner,join
mission,develop
web,information
technical,community
market,owner
providing,engineering
recruitment,medium
enterprise,way
online,effort
marketing,development
environment,exciting
project,area
across,contract
growth,achieve
success,need
consumer,member
top,increase
creative,efficient
data,real
improve,estate
application,size
many,hiring
build,time
support,country
take,growth
long,effective
create,goal
highly,energy
focus,partnered
believe,streamline
social,recruitng
community,model
startup,makeing
fast,solid
ensure,geographical
talent,cultural
founded,fiit
group,venture
goal,family
care,mission
grow,significant
secure,skill
result,project
organization,design
including,market
individual,novation
innovation,proven
passionate,use
learning,fresh
user,sale
join,communication
program,today
delivering,supply
love,credit
increase,global
firm,cut
open,earn
successful,education
course,profession
training,field
range,story
system,half
large,gary
member,redesigned
education,wheel
come,platform
start,yield
part,scientifically
building,pleasant
benefit,advanced
productivity,simple
engineering,tenured
cost,experienced
use,total
learn,applicable
sale,anyperkrelocation
document,candidatescontinued
staff,seminar
network,workshop
established,quarterly
place,duration
culture,hire
idea,double
consulting,bonues
information,recruited
number,newly
now,appointed
employer,companyall
state,different
country,facilitating
wide,provider
small,employ
include,state
health,financial
provider,largest
recruiting,via
using,department
national,aker
term,gas
real,bring
unique,discovery
hard,production
leader,maximize
first,recovery
better,petroleum
talented,approximately
change,0fa3f7c5e23a16de16a841e368006cae916884407d90b154dfef3976483a71ae
retail,deliver
within,best
international,support
satisfaction,anywhere
strategy,please
think,darren
manufacturing,lawson
sector,contracting
made,ohio
tool,excellence
practice,place
london,purchasing
skill,vha
provides,uhc
non,provista
level,unmatched
house,saving
making,cell
venture,group
personal,quality
content,management
located,corporation
million,providing
field,helping
relationship,meet
expert,thousand
interested,international
space,within
human,competitive
deliver,cartwright
everyone,rental
available,hoa
permanent,committed
city,device
awesome,daily
committed,helped
together,level
dedicated,ongoing
apprenticeship,save
role,working
know,partner
delivers,much
area,billion
meet,done
offering,right
finding,automatically
family,granted
safe,behalf
vision,implimenting
abroad,potential
financial,anyperk
trusted,corporate
private,discount
resource,ticket
thing,house
medical,cleaning
give,everything
passion,inbetween
big,expenditure
capital,relocation
challenge,ranging
100,successfully
find,directly
performance,teamplease
event,submit
driven,online
empower,formthank
access,look
consultant,forward
today,soon
game,click
focused,enlarge
throughout,image
always,kuala
understand,lumpur
search,many
food,will
teacher,needed
future,highest
employment,cost
enhance,brightedge
analytics,nationwide
efficiency,internet
expertise,affiliation
fun,hotel
york,established
good,agent
strong,aggressive
month,plan
problem,coming
largest,oak
see,tree
approach,commit
european,intellect
tech,knowledge
anyone,entrepreneur
exciting,extraordinary
website,believe
qualification,possible
next,delivering
become,superior
creating,population
recruiter,bad
pride,average
almost,worldwide
america,training
finance,city
veteran,owned
simple,offering
end,transportation
award,school
changing,organization
don,annual
staffing,netgear
model,networking
investor,0b13a2cfd4718ce252c09b2353d692a73bd32552e922c5db6cad5fb7e9a2c6c3
easy,395225df8eed70288fc67310349d63d49d5f2ca6bc14dbb5dcbf9296069ad88c
current,70128aad0c118273b0c2198a08d528591b932924e165b6a8d1272a6f9e2763d1
delivery,unlimited
difference,unique
partnership,current
site,personal
develop,door
san,created
